lineage_id,claim_repo,claim_commit,claim_date,claim_summary,adjudication_repo,adjudication_commit,adjudication_date,adjudication_summary,latency_hours,status
phase_transition,gnosis-research,0cee69d,2026-04-12T09:46:56-07:00,"Near-critical finite-size dynamics, β=0.12",gnosis-research,c13e9e3,2026-04-12T15:29:17-07:00,"Not a phase transition; β was a bistable mixing exponent",5.706,corrected
stochastic_resonance,gnosis-research,8d65dcd,2026-04-12T22:14:34-07:00,"Suprathreshold stochastic resonance discovered",gnosis-research,284a5a4,2026-04-16T21:24:32-07:00,"The apparent SR peak dissolves under the louder-signal/falsifiability test",95.166,corrected
seeds_beat_time,gnosis-research,50f9e08,2026-04-17T09:54:14-07:00,"Detection-cliff framing: seeds beat longer integration",gnosis-research,d4d82f5,2026-04-18T21:36:02-07:00,"Matched-compute control is flat; seeds-beat-long interpretation dissolves",35.697,corrected
rho_signal_collapse,gnosis-research,6401c8f,2026-06-05T00:09:01-07:00,"Past-ridge rho_sig collapse treated as loss of detection",gnosis-research,5dd80c9,2026-06-07T11:27:40-07:00,"Collapse is an effect-size illusion; detection never failed",59.311,corrected
overcoupled_detection_floor,gnosis-research,5dd80c9,2026-06-07T11:27:40-07:00,"Pre-registered framing predicts an over-coupled detection-floor disadvantage",gnosis-research,26bb141,2026-06-10T03:41:13-07:00,"No over-coupled floor collapse; the edge is detector-relative",64.226,corrected
c064_as_coherence,gnosis-research,5389f81,2026-04-06T03:07:57-07:00,"C≈0.64 reported as cross-instance coherence and major theoretical revision",Synchronism,da596d76,2026-07-07T12:05:17-07:00,"Audited variable was SNARC salience, not coherence; no mapping to framework C",2216.956,cross-repository-correction
golden_ratio_threshold,gnosis-research,730746a,2026-04-06T15:09:29-07:00,"Golden-ratio hypothesis reported validated at C→φ−1",Synchronism,da596d76,2026-07-07T12:05:17-07:00,"Same wrong-variable audit; φ−1 is also rejected by the eight reported means",2204.930,cross-repository-correction
universal_60_40_law,gnosis-research,9f207cb,2026-03-13T21:01:53-07:00,"60/40 declared a universal law and natural terminus",gnosis-research,66eefef,2026-03-13T09:06:24-07:00,"Already-committed analysis says 40/60 had the lowest loss and the experiment did not validate faster 60/40 convergence",-11.926,adverse-evidence-predates-claim
entity_gamma_lt_m,gnosis-research,5ad100f,2026-03-18T09:06:59-07:00,"Γ<m reported as a derived and computationally validated entity criterion",this-paper,,2026-07-23,"Derivation drops 2π; lifetime exponent is wrong; resonance ontology is unsupported",,externally-identified-unresolved
